GW190408_181802,BBH
GW190412,BBH
GW190413_052954,BBH
GW190413_134308,BBH
GW190421_213856,BBH
GW190503_185404,BBH
GW190512_180714,BBH
GW190513_205428,BBH
GW190517_055101,BBH
GW190519_153544,BBH
GW190521_074359,BBH
GW190527_092055,BBH
GW190602_175927,BBH
GW190620_030421,BBH
GW190630_185205,BBH
GW190701_203306,BBH
GW190706_222641,BBH
GW190707_093326,BBH
GW190708_232457,BBH
GW190720_000836,BBH
GW190727_060333,BBH
GW190728_064510,BBH
GW190731_140936,BBH
GW190803_022701,BBH
GW190814,BBH
GW190828_063405,BBH
GW190828_065509,BBH
GW190910_112807,BBH
GW190915_235702,BBH
GW190924_021846,BBH
GW190925_232845,BBH
GW190929_012149,BBH
GW190930_133541,BBH